SO2监测浓度(μg/m³),NO2监测浓度(μg/m³),PM10监测浓度(μg/m³),PM2.5监测浓度(μg/m³),O3最大八小时滑动平均监测浓度(μg/m³),CO监测浓度(mg/m³),IAQI1,IAQI2,IAQI3,IAQI4,IAQI5,IAQI6,AQI
5,56,36,31,103,0.8,45.0,80.0,14.0,6.0,98.0,30.0,98.0
9,63,67,53,206,1.1,41.0,71.0,92.0,78.0,108.0,22.0,108.0
6,37,31,25,83,0.6,44.0,4.0,19.0,14.0,8.0,35.0,44.0
5,50,23,15,71,0.6,45.0,88.0,27.0,29.0,14.0,35.0,88.0
6,68,33,26,32,0.7,44.0,65.0,17.0,13.0,34.0,32.0,65.0
4,53,41,27,35,0.7,46.0,84.0,9.0,11.0,32.0,32.0,84.0
4,32,32,16,64,0.6,46.0,10.0,18.0,27.0,18.0,35.0,46.0
6,27,35,17,65,0.5,44.0,16.0,15.0,26.0,18.0,38.0,44.0
7,23,36,19,79,0.7,43.0,21.0,14.0,23.0,10.0,32.0,43.0
8,32,44,22,67,0.7,42.0,10.0,6.0,19.0,16.0,32.0,42.0
6,48,22,12,56,0.7,44.0,90.0,28.0,33.0,22.0,32.0,90.0
6,42,34,22,78,0.7,44.0,98.0,16.0,19.0,11.0,32.0,98.0
7,34,39,22,80,0.6,43.0,8.0,11.0,19.0,10.0,35.0,43.0
5,33,28,16,109,0.7,45.0,9.0,22.0,27.0,92.0,32.0,92.0
5,29,25,12,81,0.9,45.0,14.0,25.0,33.0,10.0,28.0,45.0
5,33,30,20,46,0.9,45.0,9.0,20.0,21.0,27.0,28.0,45.0
7,40,46,28,132,0.7,43.0,100.0,4.0,10.0,73.0,32.0,100.0
6,64,51,32,60,0.7,44.0,70.0,100.0,4.0,20.0,32.0,100.0
6,52,27,24,32,0.7,44.0,85.0,23.0,16.0,34.0,32.0,85.0
5,47,20,12,27,0.7,45.0,91.0,30.0,33.0,36.0,32.0,91.0
6,51,24,16,41,0.7,44.0,86.0,26.0,27.0,30.0,32.0,86.0
6,51,26,21,20,0.8,44.0,86.0,24.0,20.0,40.0,30.0,86.0
6,45,28,15,62,0.8,44.0,94.0,22.0,29.0,19.0,30.0,94.0
8,51,56,31,98,0.9,42.0,86.0,97.0,6.0,1.0,28.0,97.0
13,47,61,49,206,0.9,37.0,91.0,94.0,82.0,108.0,28.0,108.0
11,34,43,29,126,0.7,39.0,8.0,7.0,9.0,78.0,32.0,78.0
10,38,45,25,99,0.7,40.0,2.0,5.0,14.0,0.0,32.0,40.0
7,27,34,20,96,0.6,43.0,16.0,16.0,21.0,2.0,35.0,43.0
6,25,38,20,54,0.7,44.0,19.0,12.0,21.0,23.0,32.0,44.0
5,21,40,20,84,0.7,45.0,24.0,10.0,21.0,8.0,32.0,45.0
3,16,36,17,81,0.7,47.0,30.0,14.0,26.0,10.0,32.0,47.0
7,14,36,17,100,0.6,43.0,32.0,14.0,26.0,100.0,35.0,100.0
5,12,35,16,100,0.6,45.0,35.0,15.0,27.0,100.0,35.0,100.0
4,25,32,14,118,0.7,46.0,19.0,18.0,30.0,85.0,32.0,85.0
4,40,44,29,80,0.8,46.0,100.0,6.0,9.0,10.0,30.0,100.0
7,30,45,33,128,0.8,43.0,12.0,5.0,3.0,77.0,30.0,77.0
6,43,37,29,54,0.9,44.0,96.0,13.0,9.0,23.0,28.0,96.0
4,28,29,14,48,0.6,46.0,15.0,21.0,30.0,26.0,35.0,46.0
4,23,18,7,71,0.6,46.0,21.0,32.0,40.0,14.0,35.0,46.0
7,30,20,8,78,0.6,43.0,12.0,30.0,39.0,11.0,35.0,43.0
7,42,25,12,87,0.6,43.0,98.0,25.0,33.0,6.0,35.0,98.0
4,46,25,17,41,0.6,46.0,92.0,25.0,26.0,30.0,35.0,92.0
5,40,31,16,67,0.5,45.0,100.0,19.0,27.0,16.0,38.0,100.0
5,49,36,19,72,0.6,45.0,89.0,14.0,23.0,14.0,35.0,89.0
4,34,23,13,76,0.6,46.0,8.0,27.0,31.0,12.0,35.0,46.0
5,30,24,10,54,0.6,45.0,12.0,26.0,36.0,23.0,35.0,45.0
4,30,23,11,97,0.7,46.0,12.0,27.0,34.0,2.0,32.0,46.0
3,37,26,11,70,0.7,47.0,4.0,24.0,34.0,15.0,32.0,47.0
4,31,31,13,43,0.6,46.0,11.0,19.0,31.0,28.0,35.0,46.0
3,19,23,8,64,0.5,47.0,26.0,27.0,39.0,18.0,38.0,47.0
4,10,16,4,70,0.5,46.0,38.0,34.0,44.0,15.0,38.0,46.0
4,11,17,4,67,0.4,46.0,36.0,33.0,44.0,16.0,40.0,46.0
5,13,20,4,58,0.5,45.0,34.0,30.0,44.0,21.0,38.0,45.0
2,21,21,6,70,0.5,48.0,24.0,29.0,41.0,15.0,38.0,48.0
4,49,24,14,54,0.7,46.0,89.0,26.0,30.0,23.0,32.0,89.0
6,47,28,15,94,0.6,44.0,91.0,22.0,29.0,3.0,35.0,91.0
5,31,26,11,108,0.7,45.0,11.0,24.0,34.0,93.0,32.0,93.0
4,36,30,14,180,0.7,46.0,5.0,20.0,30.0,132.0,32.0,132.0
8,38,41,22,208,0.7,42.0,2.0,9.0,19.0,106.0,32.0,106.0
5,24,36,17,148,0.6,45.0,20.0,14.0,26.0,60.0,35.0,60.0
4,25,30,13,119,0.6,46.0,19.0,20.0,31.0,84.0,35.0,84.0
4,24,24,8,84,0.8,46.0,20.0,26.0,39.0,8.0,30.0,46.0
4,16,19,5,55,0.7,46.0,30.0,31.0,43.0,22.0,32.0,46.0
4,15,21,6,75,0.7,46.0,31.0,29.0,41.0,12.0,32.0,46.0
4,14,24,6,71,0.6,46.0,32.0,26.0,41.0,14.0,35.0,46.0
3,24,27,6,54,0.6,47.0,20.0,23.0,41.0,23.0,35.0,47.0
4,41,22,9,24,0.8,46.0,99.0,28.0,37.0,38.0,30.0,99.0
10,35,29,16,113,0.8,40.0,6.0,21.0,27.0,89.0,30.0,89.0
14,44,36,20,90,1.0,36.0,95.0,14.0,21.0,5.0,25.0,95.0
10,25,31,14,87,0.8,40.0,19.0,19.0,30.0,6.0,30.0,40.0
8,23,32,12,112,0.7,42.0,21.0,18.0,33.0,90.0,32.0,90.0
8,19,30,11,117,0.7,42.0,26.0,20.0,34.0,86.0,32.0,86.0
7,33,34,13,96,0.8,43.0,9.0,16.0,31.0,2.0,30.0,43.0
6,37,31,14,150,0.7,44.0,4.0,19.0,30.0,58.0,32.0,58.0
6,33,29,10,128,0.6,44.0,9.0,21.0,36.0,77.0,35.0,77.0
4,30,14,4,32,0.6,46.0,12.0,36.0,44.0,34.0,35.0,46.0
5,21,24,9,59,0.7,45.0,24.0,26.0,37.0,20.0,32.0,45.0
6,18,27,9,92,0.6,44.0,28.0,23.0,37.0,4.0,35.0,44.0
7,16,26,9,99,0.6,43.0,30.0,24.0,37.0,0.0,35.0,43.0
6,10,25,9,77,0.6,44.0,38.0,25.0,37.0,12.0,35.0,44.0
6,11,29,10,68,0.6,44.0,36.0,21.0,36.0,16.0,35.0,44.0
7,16,34,13,71,0.6,43.0,30.0,16.0,31.0,14.0,35.0,43.0
5,37,17,10,28,0.8,45.0,4.0,33.0,36.0,36.0,30.0,45.0
6,46,37,21,88,0.9,44.0,92.0,13.0,20.0,6.0,28.0,92.0
6,19,32,15,60,0.7,44.0,26.0,18.0,29.0,20.0,32.0,44.0
7,14,34,15,72,0.6,43.0,32.0,16.0,29.0,14.0,35.0,43.0
6,17,31,16,74,0.7,44.0,29.0,19.0,27.0,13.0,32.0,44.0
6,17,38,19,102,0.7,44.0,29.0,12.0,23.0,98.0,32.0,98.0
6,21,41,22,150,0.7,44.0,24.0,9.0,19.0,58.0,32.0,58.0
11,32,53,36,173,0.9,39.0,10.0,98.0,99.0,138.0,28.0,138.0
7,39,42,25,70,1.0,43.0,1.0,8.0,14.0,15.0,25.0,43.0
6,44,42,24,93,1.0,44.0,95.0,8.0,16.0,4.0,25.0,95.0
5,32,30,19,58,0.9,45.0,10.0,20.0,23.0,21.0,28.0,45.0
6,43,38,22,84,1.0,44.0,96.0,12.0,19.0,8.0,25.0,96.0
4,40,28,15,57,0.9,46.0,100.0,22.0,29.0,22.0,28.0,100.0
3,34,27,12,49,0.9,47.0,8.0,23.0,33.0,26.0,28.0,47.0
4,23,27,11,90,0.8,46.0,21.0,23.0,34.0,5.0,30.0,46.0
7,23,30,13,107,0.8,43.0,21.0,20.0,31.0,94.0,30.0,94.0
5,18,26,11,105,0.8,45.0,28.0,24.0,34.0,96.0,30.0,96.0
6,22,26,11,60,0.8,44.0,22.0,24.0,34.0,20.0,30.0,44.0
5,34,25,13,107,0.8,45.0,8.0,25.0,31.0,94.0,30.0,94.0
4,25,18,4,25,0.8,46.0,19.0,32.0,44.0,38.0,30.0,46.0
2,21,10,2,30,0.8,48.0,24.0,40.0,47.0,35.0,30.0,48.0
3,25,16,5,40,0.9,47.0,19.0,34.0,43.0,30.0,28.0,47.0
4,33,23,7,78,0.9,46.0,9.0,27.0,40.0,11.0,28.0,46.0
6,34,40,20,185,1.0,44.0,8.0,10.0,21.0,127.0,25.0,127.0
7,40,48,27,246,0.9,43.0,100.0,2.0,11.0,169.0,28.0,169.0
9,37,37,19,142,0.8,41.0,4.0,13.0,23.0,65.0,30.0,65.0
7,36,45,28,236,0.8,43.0,5.0,5.0,10.0,179.0,30.0,179.0
8,31,48,30,228,0.8,42.0,11.0,2.0,7.0,187.0,30.0,187.0
10,30,54,34,202,0.8,40.0,12.0,98.0,1.0,112.0,30.0,112.0
6,22,44,30,153,0.8,44.0,22.0,6.0,7.0,56.0,30.0,56.0
7,14,32,20,134,0.7,43.0,32.0,18.0,21.0,72.0,32.0,72.0
9,21,33,16,138,0.7,41.0,24.0,17.0,27.0,68.0,32.0,68.0
8,19,33,16,140,0.7,42.0,26.0,17.0,27.0,67.0,32.0,67.0
9,22,40,20,182,0.7,41.0,22.0,10.0,21.0,130.0,32.0,130.0
9,27,28,17,127,0.8,41.0,16.0,22.0,26.0,78.0,30.0,78.0
7,27,32,14,146,0.8,43.0,16.0,18.0,30.0,62.0,30.0,62.0
9,36,32,23,87,0.8,41.0,5.0,18.0,17.0,6.0,30.0,41.0
12,27,24,9,64,0.7,38.0,16.0,26.0,37.0,18.0,32.0,38.0
6,38,41,26,132,0.9,44.0,2.0,9.0,13.0,73.0,28.0,73.0
6,32,42,31,186,0.8,44.0,10.0,8.0,6.0,126.0,30.0,126.0
6,22,45,29,252,0.8,44.0,22.0,5.0,9.0,163.0,30.0,163.0
8,23,45,28,221,0.7,42.0,21.0,5.0,10.0,194.0,32.0,194.0
8,35,50,31,169,0.7,42.0,6.0,100.0,6.0,142.0,32.0,142.0
11,45,69,47,198,0.8,39.0,94.0,90.0,85.0,115.0,30.0,115.0
9,27,50,39,70,0.8,41.0,16.0,100.0,95.0,15.0,30.0,100.0
5,24,20,14,60,0.6,45.0,20.0,30.0,30.0,20.0,35.0,45.0
6,32,42,20,170,0.6,44.0,10.0,8.0,21.0,141.0,35.0,141.0
6,22,27,12,73,0.5,44.0,22.0,23.0,33.0,14.0,38.0,44.0
5,22,20,6,56,0.5,45.0,22.0,30.0,41.0,22.0,38.0,45.0
6,34,28,12,86,0.6,44.0,8.0,22.0,33.0,7.0,35.0,44.0
7,26,27,10,86,0.6,43.0,18.0,23.0,36.0,7.0,35.0,43.0
6,25,20,6,35,0.6,44.0,19.0,30.0,41.0,32.0,35.0,44.0
6,25,26,10,89,0.6,44.0,19.0,24.0,36.0,6.0,35.0,44.0
6,28,28,14,72,0.6,44.0,15.0,22.0,30.0,14.0,35.0,44.0
7,28,26,12,95,0.6,43.0,15.0,24.0,33.0,2.0,35.0,43.0
7,27,37,19,184,0.7,43.0,16.0,13.0,23.0,128.0,32.0,128.0
8,31,52,35,255,0.8,42.0,11.0,99.0,100.0,160.0,30.0,160.0
11,21,49,36,168,0.8,39.0,24.0,1.0,99.0,143.0,30.0,143.0
9,21,44,34,141,0.8,41.0,24.0,6.0,1.0,66.0,30.0,66.0
5,16,24,11,104,0.5,45.0,30.0,26.0,34.0,97.0,38.0,97.0
6,22,33,16,173,0.6,44.0,22.0,17.0,27.0,138.0,35.0,138.0
7,26,41,29,242,0.7,43.0,18.0,9.0,9.0,173.0,32.0,173.0
8,9,31,19,155,0.6,42.0,39.0,19.0,23.0,54.0,35.0,54.0
7,18,27,15,92,0.6,43.0,28.0,23.0,29.0,4.0,35.0,43.0
7,28,46,28,214,0.7,43.0,15.0,4.0,10.0,101.0,32.0,101.0
7,26,39,29,189,0.7,43.0,18.0,11.0,9.0,124.0,32.0,124.0
5,21,29,22,168,0.7,45.0,24.0,21.0,19.0,143.0,32.0,143.0
6,33,52,35,184,0.8,44.0,9.0,99.0,100.0,128.0,30.0,128.0
8,27,56,33,193,0.7,42.0,16.0,97.0,3.0,120.0,32.0,120.0
9,36,54,26,188,0.6,41.0,5.0,98.0,13.0,125.0,35.0,125.0
12,27,68,36,204,0.7,38.0,16.0,91.0,99.0,110.0,32.0,110.0
10,21,50,22,169,0.5,40.0,24.0,100.0,19.0,142.0,38.0,142.0
10,36,53,22,178,0.5,40.0,5.0,98.0,19.0,134.0,38.0,134.0
11,64,61,29,181,0.7,39.0,70.0,94.0,9.0,131.0,32.0,131.0
13,40,72,44,218,0.9,37.0,100.0,89.0,89.0,197.0,28.0,197.0
14,32,79,53,259,1.0,36.0,10.0,86.0,78.0,156.0,25.0,156.0
14,46,78,53,228,1.0,36.0,92.0,86.0,78.0,187.0,25.0,187.0
16,57,97,65,211,1.1,34.0,79.0,76.0,62.0,104.0,22.0,104.0
17,46,90,66,226,1.2,33.0,92.0,80.0,61.0,189.0,20.0,189.0
20,71,90,56,242,1.1,30.0,61.0,80.0,74.0,173.0,22.0,173.0
15,41,79,54,218,1.0,35.0,99.0,86.0,76.0,197.0,25.0,197.0
8,11,74,51,192,0.9,42.0,36.0,88.0,80.0,121.0,28.0,121.0
8,9,46,32,153,0.8,42.0,39.0,4.0,4.0,56.0,30.0,56.0
8,10,40,26,156,0.7,42.0,38.0,10.0,13.0,53.0,32.0,53.0
9,25,47,29,182,0.8,41.0,19.0,3.0,9.0,130.0,30.0,130.0
7,24,41,23,149,0.7,43.0,20.0,9.0,17.0,59.0,32.0,59.0
8,36,44,26,106,0.8,42.0,5.0,6.0,13.0,95.0,30.0,95.0
10,46,74,58,187,1.1,40.0,92.0,88.0,71.0,125.0,22.0,125.0
6,22,49,34,187,0.9,44.0,22.0,1.0,1.0,125.0,28.0,125.0
9,27,54,37,212,0.9,41.0,16.0,98.0,98.0,103.0,28.0,103.0
11,27,69,44,238,1.0,39.0,16.0,90.0,89.0,177.0,25.0,177.0
9,31,47,38,104,1.0,41.0,11.0,3.0,96.0,97.0,25.0,97.0
8,30,58,42,99,1.1,42.0,12.0,96.0,91.0,0.0,22.0,96.0
7,28,50,33,136,1.0,43.0,15.0,100.0,3.0,70.0,25.0,100.0
8,32,51,31,157,0.7,42.0,10.0,100.0,6.0,52.0,32.0,100.0
11,36,51,30,149,0.7,39.0,5.0,100.0,7.0,59.0,32.0,100.0
12,38,58,32,163,0.8,38.0,2.0,96.0,4.0,147.0,30.0,147.0
11,44,63,38,200,0.8,39.0,95.0,94.0,96.0,114.0,30.0,114.0
13,45,76,51,198,0.9,37.0,94.0,87.0,80.0,115.0,28.0,115.0
11,27,71,50,243,0.8,39.0,16.0,90.0,81.0,172.0,30.0,172.0
7,26,54,32,177,0.7,43.0,18.0,98.0,4.0,135.0,32.0,135.0
7,35,53,30,190,0.7,43.0,6.0,98.0,7.0,123.0,32.0,123.0
9,38,68,46,171,0.8,41.0,2.0,91.0,86.0,140.0,30.0,140.0
9,37,65,43,209,0.8,41.0,4.0,92.0,90.0,105.0,30.0,105.0
9,32,74,45,156,1.0,41.0,10.0,88.0,88.0,53.0,25.0,88.0
10,47,59,30,32,1.1,40.0,91.0,96.0,7.0,34.0,22.0,96.0
8,38,38,14,113,0.9,42.0,2.0,12.0,30.0,89.0,28.0,89.0
9,44,66,26,106,0.8,41.0,95.0,92.0,13.0,95.0,30.0,95.0
11,57,97,36,112,0.8,39.0,79.0,76.0,99.0,90.0,30.0,99.0
17,75,106,50,180,1.1,33.0,56.0,72.0,81.0,132.0,22.0,132.0
13,59,105,62,262,1.1,37.0,76.0,72.0,66.0,153.0,22.0,153.0
14,42,89,47,167,1.0,36.0,98.0,80.0,85.0,144.0,25.0,144.0
13,25,81,42,180,0.9,37.0,19.0,84.0,91.0,132.0,28.0,132.0
13,37,83,45,150,0.8,37.0,4.0,84.0,88.0,58.0,30.0,88.0
13,72,80,44,158,0.9,37.0,60.0,85.0,89.0,52.0,28.0,89.0
13,50,73,38,148,0.8,37.0,88.0,88.0,96.0,60.0,30.0,96.0
12,42,59,30,133,0.6,38.0,98.0,96.0,7.0,72.0,35.0,98.0
14,63,69,36,156,0.6,36.0,71.0,90.0,99.0,53.0,35.0,99.0
17,75,89,50,158,0.8,33.0,56.0,80.0,81.0,52.0,30.0,81.0
15,77,105,63,200,1.0,35.0,54.0,72.0,65.0,114.0,25.0,114.0
7,42,63,34,112,0.6,43.0,98.0,94.0,1.0,90.0,35.0,98.0
8,46,80,45,194,0.8,42.0,92.0,85.0,88.0,119.0,30.0,119.0
7,35,69,39,152,0.8,43.0,6.0,90.0,95.0,57.0,30.0,95.0
10,85,118,72,189,1.1,40.0,148.0,66.0,54.0,124.0,22.0,148.0
7,52,82,42,152,0.7,43.0,85.0,84.0,91.0,57.0,32.0,91.0
8,53,73,36,156,0.7,42.0,84.0,88.0,99.0,53.0,32.0,99.0
8,41,80,39,121,0.9,42.0,99.0,85.0,95.0,82.0,28.0,99.0
6,29,40,19,128,0.9,44.0,14.0,10.0,23.0,77.0,28.0,77.0
9,50,68,32,111,1.0,41.0,88.0,91.0,4.0,91.0,25.0,91.0
13,74,91,44,133,1.0,37.0,58.0,80.0,89.0,72.0,25.0,89.0
12,96,102,53,130,0.9,38.0,142.0,74.0,78.0,75.0,28.0,142.0
11,66,100,58,207,0.9,39.0,68.0,75.0,71.0,107.0,28.0,107.0
10,65,80,46,178,0.9,40.0,69.0,85.0,86.0,134.0,28.0,134.0
12,71,115,74,169,1.1,38.0,61.0,68.0,51.0,142.0,22.0,142.0
12,53,84,48,112,1.1,38.0,84.0,83.0,84.0,90.0,22.0,90.0
17,60,94,49,138,1.0,33.0,75.0,78.0,82.0,68.0,25.0,82.0
9,30,38,12,68,0.9,41.0,12.0,12.0,33.0,16.0,28.0,41.0
9,41,44,18,74,0.8,41.0,99.0,6.0,24.0,13.0,30.0,99.0
13,57,68,35,150,1.0,37.0,79.0,91.0,100.0,58.0,25.0,100.0
15,56,77,37,97,1.0,35.0,80.0,86.0,98.0,2.0,25.0,98.0
10,25,40,16,82,0.8,40.0,19.0,10.0,27.0,9.0,30.0,40.0
10,41,54,28,100,0.7,40.0,99.0,98.0,10.0,100.0,32.0,100.0
11,47,60,30,99,0.7,39.0,91.0,95.0,7.0,0.0,32.0,95.0
12,44,54,24,72,0.6,38.0,95.0,98.0,16.0,14.0,35.0,98.0
12,33,58,27,107,0.6,38.0,9.0,96.0,11.0,94.0,35.0,96.0
11,41,51,30,96,0.7,39.0,99.0,100.0,7.0,2.0,32.0,100.0
15,86,88,45,63,0.8,35.0,147.0,81.0,88.0,18.0,30.0,147.0
16,111,116,66,70,1.1,34.0,134.0,67.0,61.0,15.0,22.0,134.0
18,113,120,76,134,1.2,32.0,134.0,65.0,149.0,72.0,20.0,149.0
15,87,98,60,135,1.1,35.0,146.0,76.0,69.0,71.0,22.0,146.0
14,97,131,75,194,1.3,36.0,142.0,60.0,150.0,119.0,18.0,150.0
14,98,125,74,153,1.4,36.0,141.0,62.0,51.0,56.0,15.0,141.0
12,61,68,40,55,0.9,38.0,74.0,91.0,94.0,22.0,28.0,94.0
11,63,61,31,49,1.0,39.0,71.0,94.0,6.0,26.0,25.0,94.0
8,85,85,41,66,1.2,42.0,148.0,82.0,92.0,17.0,20.0,148.0
9,60,70,36,111,1.1,41.0,75.0,90.0,99.0,91.0,22.0,99.0
8,46,76,49,13,1.3,42.0,92.0,87.0,82.0,44.0,18.0,92.0
8,48,53,25,59,1.3,42.0,90.0,98.0,14.0,20.0,18.0,98.0
9,68,73,32,23,1.2,41.0,65.0,88.0,4.0,38.0,20.0,88.0
12,72,97,49,32,1.3,38.0,60.0,76.0,82.0,34.0,18.0,82.0
11,61,90,50,67,1.1,39.0,74.0,80.0,81.0,16.0,22.0,81.0
9,65,66,36,50,0.9,41.0,69.0,92.0,99.0,25.0,28.0,99.0
10,59,76,43,93,1.1,40.0,76.0,87.0,90.0,4.0,22.0,90.0
9,57,82,46,56,1.2,41.0,79.0,84.0,86.0,22.0,20.0,86.0
9,41,42,16,82,1.0,41.0,99.0,8.0,27.0,9.0,25.0,99.0
13,77,82,46,100,1.1,37.0,54.0,84.0,86.0,100.0,22.0,100.0
16,115,143,82,91,1.4,34.0,132.0,54.0,141.0,4.0,15.0,141.0
12,100,112,80,98,1.2,38.0,140.0,69.0,144.0,1.0,20.0,144.0
12,50,60,39,69,0.7,38.0,88.0,95.0,95.0,16.0,32.0,95.0
13,40,68,43,56,0.7,37.0,100.0,91.0,90.0,22.0,32.0,100.0
9,53,57,38,48,0.6,41.0,84.0,96.0,96.0,26.0,35.0,96.0
12,71,88,55,96,0.7,38.0,61.0,81.0,75.0,2.0,32.0,81.0
12,77,96,69,172,0.9,38.0,54.0,77.0,58.0,139.0,28.0,139.0
11,41,49,20,75,0.6,39.0,99.0,1.0,21.0,12.0,35.0,99.0
10,53,60,35,122,1.1,40.0,84.0,95.0,100.0,82.0,22.0,100.0
12,59,70,36,102,1.1,38.0,76.0,90.0,99.0,98.0,22.0,99.0
10,45,52,23,84,0.9,40.0,94.0,99.0,17.0,8.0,28.0,99.0
11,51,59,33,76,1.0,39.0,86.0,96.0,3.0,12.0,25.0,96.0
12,34,58,35,74,1.0,38.0,8.0,96.0,100.0,13.0,25.0,100.0
9,36,36,13,61,1.1,41.0,5.0,14.0,31.0,20.0,22.0,41.0
12,64,61,32,47,1.2,38.0,70.0,94.0,4.0,26.0,20.0,94.0
11,69,80,47,101,1.1,39.0,64.0,85.0,85.0,99.0,22.0,99.0
10,42,58,34,88,0.7,40.0,98.0,96.0,1.0,6.0,32.0,98.0
9,32,26,11,40,1.1,41.0,10.0,24.0,34.0,30.0,22.0,41.0
12,38,40,24,63,1.0,38.0,2.0,10.0,16.0,18.0,25.0,38.0
10,36,43,25,19,1.0,40.0,5.0,7.0,14.0,40.0,25.0,40.0
9,34,36,21,54,0.9,41.0,8.0,14.0,20.0,23.0,28.0,41.0
7,40,50,32,112,0.9,43.0,100.0,100.0,4.0,90.0,28.0,100.0
8,23,45,31,128,0.8,42.0,21.0,5.0,6.0,77.0,30.0,77.0
8,18,34,24,99,0.7,42.0,28.0,16.0,16.0,0.0,32.0,42.0
8,14,28,19,85,0.6,42.0,32.0,22.0,23.0,8.0,35.0,42.0
8,11,34,23,49,0.9,42.0,36.0,16.0,17.0,26.0,28.0,42.0
7,8,11,6,39,1.0,43.0,40.0,39.0,41.0,30.0,25.0,43.0
7,8,11,5,58,0.7,43.0,40.0,39.0,43.0,21.0,32.0,43.0
7,7,14,7,76,0.6,43.0,41.0,36.0,40.0,12.0,35.0,43.0
7,8,24,17,90,0.6,43.0,40.0,26.0,26.0,5.0,35.0,43.0
8,10,30,23,110,0.5,42.0,38.0,20.0,17.0,92.0,38.0,92.0
10,19,38,29,120,0.5,40.0,26.0,12.0,9.0,83.0,38.0,83.0
9,21,41,30,116,0.5,41.0,24.0,9.0,7.0,87.0,38.0,87.0
10,20,46,32,101,0.5,40.0,25.0,4.0,4.0,99.0,38.0,99.0
8,25,49,42,56,0.6,42.0,19.0,1.0,91.0,22.0,35.0,91.0
5,10,11,6,36,0.6,45.0,38.0,39.0,41.0,32.0,35.0,45.0
6,13,17,11,30,0.7,44.0,34.0,33.0,34.0,35.0,32.0,44.0
6,9,26,15,83,0.5,44.0,39.0,24.0,29.0,8.0,38.0,44.0
6,17,27,21,35,0.7,44.0,29.0,23.0,20.0,32.0,32.0,44.0
6,7,15,8,59,0.6,44.0,41.0,35.0,39.0,20.0,35.0,44.0
6,7,18,13,81,0.6,44.0,41.0,32.0,31.0,10.0,35.0,44.0
8,16,28,22,44,0.7,42.0,30.0,22.0,19.0,28.0,32.0,42.0
6,33,55,48,54,0.8,44.0,9.0,98.0,84.0,23.0,30.0,98.0
7,24,63,56,66,0.8,43.0,20.0,94.0,74.0,17.0,30.0,94.0
6,25,25,23,59,0.7,44.0,19.0,25.0,17.0,20.0,32.0,44.0
6,22,18,12,44,0.6,44.0,22.0,32.0,33.0,28.0,35.0,44.0
5,15,18,12,40,0.7,45.0,31.0,32.0,33.0,30.0,32.0,45.0
5,4,5,3,49,0.7,45.0,45.0,45.0,46.0,26.0,32.0,46.0
5,8,19,9,86,0.6,45.0,40.0,31.0,37.0,7.0,35.0,45.0
6,17,24,15,102,0.5,44.0,29.0,26.0,29.0,98.0,38.0,98.0
6,38,39,28,103,0.6,44.0,2.0,11.0,10.0,98.0,35.0,98.0
7,34,35,26,85,0.6,43.0,8.0,15.0,13.0,8.0,35.0,43.0
6,36,34,22,98,0.6,44.0,5.0,16.0,19.0,1.0,35.0,44.0
8,35,52,41,140,0.8,42.0,6.0,99.0,92.0,67.0,30.0,99.0
8,18,37,26,135,0.6,42.0,28.0,13.0,13.0,71.0,35.0,71.0
8,15,47,25,101,0.6,42.0,31.0,3.0,14.0,99.0,35.0,99.0
8,25,39,23,94,0.6,42.0,19.0,11.0,17.0,3.0,35.0,42.0
7,26,38,21,124,0.7,43.0,18.0,12.0,20.0,80.0,32.0,80.0
6,17,25,17,83,0.6,44.0,29.0,25.0,26.0,8.0,35.0,44.0
6,26,37,23,84,0.7,44.0,18.0,13.0,17.0,8.0,32.0,44.0
7,29,39,25,94,0.7,43.0,14.0,11.0,14.0,3.0,32.0,43.0
8,18,35,22,92,0.7,42.0,28.0,15.0,19.0,4.0,32.0,42.0
8,24,30,18,74,0.7,42.0,20.0,20.0,24.0,13.0,32.0,42.0
6,25,34,18,73,0.6,44.0,19.0,16.0,24.0,14.0,35.0,44.0
5,28,13,10,46,0.7,45.0,15.0,37.0,36.0,27.0,32.0,45.0
6,30,25,14,46,0.8,44.0,12.0,25.0,30.0,27.0,30.0,44.0
6,25,35,23,64,0.6,44.0,19.0,15.0,17.0,18.0,35.0,44.0
6,40,49,27,43,0.5,44.0,100.0,1.0,11.0,28.0,38.0,100.0
5,20,28,15,55,0.4,45.0,25.0,22.0,29.0,22.0,40.0,45.0
5,22,32,15,49,0.5,45.0,22.0,18.0,29.0,26.0,38.0,45.0
5,14,21,11,98,0.7,45.0,32.0,29.0,34.0,1.0,32.0,45.0
7,37,46,28,63,0.6,43.0,4.0,4.0,10.0,18.0,35.0,43.0
5,34,50,25,52,0.6,45.0,8.0,100.0,14.0,24.0,35.0,100.0
4,35,49,28,33,0.7,46.0,6.0,1.0,10.0,34.0,32.0,46.0
4,16,35,20,109,0.7,46.0,30.0,15.0,21.0,92.0,32.0,92.0
6,25,61,38,135,0.6,44.0,19.0,94.0,96.0,71.0,35.0,96.0
5,26,56,27,110,0.5,45.0,18.0,97.0,11.0,92.0,38.0,97.0
6,44,62,29,65,0.5,44.0,95.0,94.0,9.0,18.0,38.0,95.0
6,59,51,34,52,0.7,44.0,76.0,100.0,1.0,24.0,32.0,100.0
5,56,36,25,31,0.7,45.0,80.0,14.0,14.0,34.0,32.0,80.0
7,61,54,40,18,0.8,43.0,74.0,98.0,94.0,41.0,30.0,98.0
4,29,40,26,43,0.7,46.0,14.0,10.0,13.0,28.0,32.0,46.0
6,25,44,25,88,0.6,44.0,19.0,6.0,14.0,6.0,35.0,44.0
6,25,40,22,96,0.7,44.0,19.0,10.0,19.0,2.0,32.0,44.0
4,25,45,25,93,0.6,46.0,19.0,5.0,14.0,4.0,35.0,46.0
4,19,40,19,83,0.5,46.0,26.0,10.0,23.0,8.0,38.0,46.0
3,21,35,20,51,0.5,47.0,24.0,15.0,21.0,24.0,38.0,47.0
2,21,33,16,45,0.5,48.0,24.0,17.0,27.0,28.0,38.0,48.0
2,30,23,12,36,0.6,48.0,12.0,27.0,33.0,32.0,35.0,48.0
3,32,40,16,47,0.6,47.0,10.0,10.0,27.0,26.0,35.0,47.0
3,27,16,9,4,0.7,47.0,16.0,34.0,37.0,48.0,32.0,48.0
4,24,23,13,2,0.6,46.0,20.0,27.0,31.0,49.0,35.0,49.0
6,30,30,12,3,0.6,44.0,12.0,20.0,33.0,48.0,35.0,48.0
7,41,82,36,3,0.8,43.0,99.0,84.0,99.0,48.0,30.0,99.0
6,37,39,23,4,0.8,44.0,4.0,11.0,17.0,48.0,30.0,48.0
6,30,22,12,24,0.7,44.0,12.0,28.0,33.0,38.0,32.0,44.0
6,32,18,14,34,0.6,44.0,10.0,32.0,30.0,33.0,35.0,44.0
6,38,17,12,4,0.6,44.0,2.0,33.0,33.0,48.0,35.0,48.0
7,46,38,21,33,0.7,43.0,92.0,12.0,20.0,34.0,32.0,92.0
12,67,74,47,88,1.0,38.0,66.0,88.0,85.0,6.0,25.0,88.0
12,61,77,49,211,0.9,38.0,74.0,86.0,82.0,104.0,28.0,104.0
11,51,58,26,114,0.6,39.0,86.0,96.0,13.0,88.0,35.0,96.0
10,45,66,34,64,0.7,40.0,94.0,92.0,1.0,18.0,32.0,94.0
10,19,27,8,112,0.6,40.0,26.0,23.0,39.0,90.0,35.0,90.0
11,38,45,22,126,0.5,39.0,2.0,5.0,19.0,78.0,38.0,78.0
19,73,79,53,174,0.8,31.0,59.0,86.0,78.0,137.0,30.0,137.0
17,65,100,66,217,0.8,33.0,69.0,75.0,61.0,198.0,30.0,198.0
12,26,57,34,140,0.6,38.0,18.0,96.0,1.0,67.0,35.0,96.0
11,35,52,24,95,0.6,39.0,6.0,99.0,16.0,2.0,35.0,99.0
10,25,53,25,95,0.6,40.0,19.0,98.0,14.0,2.0,35.0,98.0
10,25,51,23,82,0.6,40.0,19.0,100.0,17.0,9.0,35.0,100.0
7,20,37,15,78,0.7,43.0,25.0,13.0,29.0,11.0,32.0,43.0
2,15,33,14,68,0.7,48.0,31.0,17.0,30.0,16.0,32.0,48.0
3,29,19,8,27,0.9,47.0,14.0,31.0,39.0,36.0,28.0,47.0
4,32,24,9,28,0.9,46.0,10.0,26.0,37.0,36.0,28.0,46.0
5,31,29,12,53,0.7,45.0,11.0,21.0,33.0,24.0,32.0,45.0
9,49,57,38,92,0.8,41.0,89.0,96.0,96.0,4.0,30.0,96.0
11,39,63,43,154,0.8,39.0,1.0,94.0,90.0,55.0,30.0,94.0
12,48,69,39,177,0.8,38.0,90.0,90.0,95.0,135.0,30.0,135.0
12,38,70,40,237,0.7,38.0,2.0,90.0,94.0,178.0,32.0,178.0
8,21,55,21,147,0.5,42.0,24.0,98.0,20.0,61.0,38.0,98.0
9,27,56,24,156,0.6,41.0,16.0,97.0,16.0,53.0,35.0,97.0
8,14,37,16,97,0.6,42.0,32.0,13.0,27.0,2.0,35.0,42.0
9,13,38,17,91,0.6,41.0,34.0,12.0,26.0,4.0,35.0,41.0
7,11,35,14,118,0.6,43.0,36.0,15.0,30.0,85.0,35.0,85.0
5,9,28,12,112,0.5,45.0,39.0,22.0,33.0,90.0,38.0,90.0
4,9,34,7,84,0.5,46.0,39.0,16.0,40.0,8.0,38.0,46.0
3,11,22,7,63,0.5,47.0,36.0,28.0,40.0,18.0,38.0,47.0
3,8,20,5,56,0.5,47.0,40.0,30.0,43.0,22.0,38.0,47.0
3,8,18,4,51,0.5,47.0,40.0,32.0,44.0,24.0,38.0,47.0
2,11,23,6,59,0.5,48.0,36.0,27.0,41.0,20.0,38.0,48.0
2,17,25,8,86,0.6,48.0,29.0,25.0,39.0,7.0,35.0,48.0
3,40,44,23,159,0.8,47.0,100.0,6.0,17.0,51.0,30.0,100.0
3,29,41,21,118,0.9,47.0,14.0,9.0,20.0,85.0,28.0,85.0
2,18,41,22,87,0.7,48.0,28.0,9.0,19.0,6.0,32.0,48.0
2,13,34,13,85,0.7,48.0,34.0,16.0,31.0,8.0,32.0,48.0
3,21,32,11,104,0.6,47.0,24.0,18.0,34.0,97.0,35.0,97.0
2,27,34,18,120,0.7,48.0,16.0,16.0,24.0,83.0,32.0,83.0
4,32,32,16,104,0.8,46.0,10.0,18.0,27.0,97.0,30.0,97.0
5,35,42,24,191,0.8,45.0,6.0,8.0,16.0,122.0,30.0,122.0
4,28,28,15,75,0.6,46.0,15.0,22.0,29.0,12.0,35.0,46.0
3,28,29,16,94,0.7,47.0,15.0,21.0,27.0,3.0,32.0,47.0
6,37,38,20,146,0.8,44.0,4.0,12.0,21.0,62.0,30.0,62.0
6,30,32,16,84,0.7,44.0,12.0,18.0,27.0,8.0,32.0,44.0
5,32,28,12,59,0.7,45.0,10.0,22.0,33.0,20.0,32.0,45.0
4,20,30,15,121,0.7,46.0,25.0,20.0,29.0,82.0,32.0,82.0
4,36,37,22,79,0.9,46.0,5.0,13.0,19.0,10.0,28.0,46.0
6,65,67,37,105,1.0,44.0,69.0,92.0,98.0,96.0,25.0,98.0
3,24,36,21,78,0.7,47.0,20.0,14.0,20.0,11.0,32.0,47.0
3,34,29,13,72,0.7,47.0,8.0,21.0,31.0,14.0,32.0,47.0
3,34,30,14,46,0.7,47.0,8.0,20.0,30.0,27.0,32.0,47.0
4,34,29,13,24,0.8,46.0,8.0,21.0,31.0,38.0,30.0,46.0
7,32,24,9,18,0.8,43.0,10.0,26.0,37.0,41.0,30.0,43.0
6,19,29,11,56,0.7,44.0,26.0,21.0,34.0,22.0,32.0,44.0
6,14,22,5,50,0.5,44.0,32.0,28.0,43.0,25.0,38.0,44.0
6,21,21,7,56,0.6,44.0,24.0,29.0,40.0,22.0,35.0,44.0
5,37,28,12,71,0.7,45.0,4.0,22.0,33.0,14.0,32.0,45.0
4,30,28,14,30,0.7,46.0,12.0,22.0,30.0,35.0,32.0,46.0
5,24,29,11,38,0.7,45.0,20.0,21.0,34.0,31.0,32.0,45.0
6,20,26,9,61,0.6,44.0,25.0,24.0,37.0,20.0,35.0,44.0
9,30,29,9,76,0.7,41.0,12.0,21.0,37.0,12.0,32.0,41.0
9,14,22,6,91,0.5,41.0,32.0,28.0,41.0,4.0,38.0,41.0
9,18,21,6,98,0.5,41.0,28.0,29.0,41.0,1.0,38.0,41.0
9,30,31,9,110,0.5,41.0,12.0,19.0,37.0,92.0,38.0,92.0
7,14,12,3,57,0.5,43.0,32.0,38.0,46.0,22.0,38.0,46.0
7,18,23,4,66,0.5,43.0,28.0,27.0,44.0,17.0,38.0,44.0
7,14,18,3,54,0.4,43.0,32.0,32.0,46.0,23.0,40.0,46.0
7,12,16,3,59,0.4,43.0,35.0,34.0,46.0,20.0,40.0,46.0
8,13,19,4,56,0.4,42.0,34.0,31.0,44.0,22.0,40.0,44.0
7,12,18,3,63,0.4,43.0,35.0,32.0,46.0,18.0,40.0,46.0
8,11,19,4,75,0.4,42.0,36.0,31.0,44.0,12.0,40.0,44.0
8,10,18,4,56,0.4,42.0,38.0,32.0,44.0,22.0,40.0,44.0
6,10,23,4,66,0.4,44.0,38.0,27.0,44.0,17.0,40.0,44.0
5,11,25,7,80,0.4,45.0,36.0,25.0,40.0,10.0,40.0,45.0
5,12,25,7,76,0.5,45.0,35.0,25.0,40.0,12.0,38.0,45.0
3,4,21,5,48,0.4,47.0,45.0,29.0,43.0,26.0,40.0,47.0
4,5,21,4,52,0.4,46.0,44.0,29.0,44.0,24.0,40.0,46.0
4,6,15,3,54,0.4,46.0,42.0,35.0,46.0,23.0,40.0,46.0
5,8,17,4,60,0.4,45.0,40.0,33.0,44.0,20.0,40.0,45.0
5,12,20,4,90,0.4,45.0,35.0,30.0,44.0,5.0,40.0,45.0
5,13,22,6,116,0.4,45.0,34.0,28.0,41.0,87.0,40.0,87.0
4,15,18,3,54,0.3,46.0,31.0,32.0,46.0,23.0,42.0,46.0
4,12,17,4,70,0.4,46.0,35.0,33.0,44.0,15.0,40.0,46.0
3,22,23,8,43,0.5,47.0,22.0,27.0,39.0,28.0,38.0,47.0
3,23,23,7,35,0.5,47.0,21.0,27.0,40.0,32.0,38.0,47.0
3,14,22,6,68,0.4,47.0,32.0,28.0,41.0,16.0,40.0,47.0
5,12,20,5,75,0.5,45.0,35.0,30.0,43.0,12.0,38.0,45.0
6,14,24,5,71,0.5,44.0,32.0,26.0,43.0,14.0,38.0,44.0
7,14,27,8,68,0.5,43.0,32.0,23.0,39.0,16.0,38.0,43.0
6,12,28,9,74,0.5,44.0,35.0,22.0,37.0,13.0,38.0,44.0
6,10,27,6,59,0.5,44.0,38.0,23.0,41.0,20.0,38.0,44.0
6,7,24,6,67,0.5,44.0,41.0,26.0,41.0,16.0,38.0,44.0
6,7,20,3,72,0.5,44.0,41.0,30.0,46.0,14.0,38.0,46.0
7,14,22,7,109,0.5,43.0,32.0,28.0,40.0,92.0,38.0,92.0
8,16,30,9,164,0.5,42.0,30.0,20.0,37.0,146.0,38.0,146.0
7,11,22,6,105,0.5,43.0,36.0,28.0,41.0,96.0,38.0,96.0
8,11,19,4,72,0.4,42.0,36.0,31.0,44.0,14.0,40.0,44.0
7,11,19,3,52,0.5,43.0,36.0,31.0,46.0,24.0,38.0,46.0
9,11,19,3,64,0.5,41.0,36.0,31.0,46.0,18.0,38.0,46.0
9,10,18,3,70,0.5,41.0,38.0,32.0,46.0,15.0,38.0,46.0
6,9,17,3,69,0.5,44.0,39.0,33.0,46.0,16.0,38.0,46.0
4,10,18,5,98,0.5,46.0,38.0,32.0,43.0,1.0,38.0,46.0
4,16,21,7,98,0.5,46.0,30.0,29.0,40.0,1.0,38.0,46.0
5,13,23,6,128,0.5,45.0,34.0,27.0,41.0,77.0,38.0,77.0
6,14,27,7,137,0.5,44.0,32.0,23.0,40.0,69.0,38.0,69.0
6,12,25,8,130,0.5,44.0,35.0,25.0,39.0,75.0,38.0,75.0
6,9,22,6,101,0.5,44.0,39.0,28.0,41.0,99.0,38.0,99.0
5,14,22,6,84,0.5,45.0,32.0,28.0,41.0,8.0,38.0,45.0
5,22,27,8,115,0.5,45.0,22.0,23.0,39.0,88.0,38.0,88.0
5,29,32,12,124,0.6,45.0,14.0,18.0,33.0,80.0,35.0,80.0
6,26,22,8,42,0.6,44.0,18.0,28.0,39.0,29.0,35.0,44.0
4,20,14,3,34,0.5,46.0,25.0,36.0,46.0,33.0,38.0,46.0
3,25,15,5,38,0.7,47.0,19.0,35.0,43.0,31.0,32.0,47.0
4,21,19,6,84,0.7,46.0,24.0,31.0,41.0,8.0,32.0,46.0
3,22,14,3,19,0.7,47.0,22.0,36.0,46.0,40.0,32.0,47.0
4,19,18,6,79,0.6,46.0,26.0,32.0,41.0,10.0,35.0,46.0
4,17,25,7,58,0.6,46.0,29.0,25.0,40.0,21.0,35.0,46.0
4,17,23,6,88,0.5,46.0,29.0,27.0,41.0,6.0,38.0,46.0
7,13,27,10,140,0.6,43.0,34.0,23.0,36.0,67.0,35.0,67.0
6,12,22,8,115,0.5,44.0,35.0,28.0,39.0,88.0,38.0,88.0
4,12,20,4,59,0.6,46.0,35.0,30.0,44.0,20.0,35.0,46.0
2,18,14,4,41,0.5,48.0,28.0,36.0,44.0,30.0,38.0,48.0
3,15,16,4,35,0.5,47.0,31.0,34.0,44.0,32.0,38.0,47.0
4,20,22,8,54,0.6,46.0,25.0,28.0,39.0,23.0,35.0,46.0
5,19,24,7,64,0.6,45.0,26.0,26.0,40.0,18.0,35.0,45.0
5,17,20,6,76,0.5,45.0,29.0,30.0,41.0,12.0,38.0,45.0
5,31,29,13,78,0.5,45.0,11.0,21.0,31.0,11.0,38.0,45.0
4,14,13,3,43,0.4,46.0,32.0,37.0,46.0,28.0,40.0,46.0
5,19,25,10,62,0.5,45.0,26.0,25.0,36.0,19.0,38.0,45.0
8,28,51,28,198,0.6,42.0,15.0,100.0,10.0,115.0,35.0,115.0
7,21,54,37,218,0.6,43.0,24.0,98.0,98.0,197.0,35.0,197.0
8,17,42,26,180,0.5,42.0,29.0,8.0,13.0,132.0,38.0,132.0
7,13,32,17,126,0.4,43.0,34.0,18.0,26.0,78.0,40.0,78.0
8,12,27,11,112,0.5,42.0,35.0,23.0,34.0,90.0,38.0,90.0
7,16,24,10,92,0.5,43.0,30.0,26.0,36.0,4.0,38.0,43.0
7,31,37,23,169,0.6,43.0,11.0,13.0,17.0,142.0,35.0,142.0
8,30,47,33,201,0.7,42.0,12.0,3.0,3.0,113.0,32.0,113.0
9,29,53,42,186,0.7,41.0,14.0,98.0,91.0,126.0,32.0,126.0
7,24,59,42,188,0.8,43.0,20.0,96.0,91.0,125.0,30.0,125.0
6,24,47,32,156,0.7,44.0,20.0,3.0,4.0,53.0,32.0,53.0
10,34,56,40,178,0.8,40.0,8.0,97.0,94.0,134.0,30.0,134.0
10,38,70,50,206,0.9,40.0,2.0,90.0,81.0,108.0,28.0,108.0
10,37,79,54,223,0.9,40.0,4.0,86.0,76.0,192.0,28.0,192.0
8,26,60,45,136,0.9,42.0,18.0,95.0,88.0,70.0,28.0,95.0
6,35,36,25,84,0.7,44.0,6.0,14.0,14.0,8.0,32.0,44.0
8,32,39,27,166,0.6,42.0,10.0,11.0,11.0,145.0,35.0,145.0
6,25,25,10,53,0.6,44.0,19.0,25.0,36.0,24.0,35.0,44.0
5,32,21,7,44,0.6,45.0,10.0,29.0,40.0,28.0,35.0,45.0
8,39,29,14,57,0.7,42.0,1.0,21.0,30.0,22.0,32.0,42.0
8,28,32,15,84,0.6,42.0,15.0,18.0,29.0,8.0,35.0,42.0
8,27,27,9,60,0.6,42.0,16.0,23.0,37.0,20.0,35.0,42.0
6,29,25,12,143,0.6,44.0,14.0,25.0,33.0,64.0,35.0,64.0
6,34,32,20,158,0.7,44.0,8.0,18.0,21.0,52.0,32.0,52.0
5,30,28,17,111,0.7,45.0,12.0,22.0,26.0,91.0,32.0,91.0
6,49,30,18,25,0.8,44.0,89.0,20.0,24.0,38.0,30.0,89.0
9,31,34,13,54,0.7,41.0,11.0,16.0,31.0,23.0,32.0,41.0
7,25,29,8,76,0.6,43.0,19.0,21.0,39.0,12.0,35.0,43.0
6,30,23,8,34,0.6,44.0,12.0,27.0,39.0,33.0,35.0,44.0
5,28,18,6,27,0.6,45.0,15.0,32.0,41.0,36.0,35.0,45.0
6,24,27,10,87,0.6,44.0,20.0,23.0,36.0,6.0,35.0,44.0
6,24,23,7,60,0.5,44.0,20.0,27.0,40.0,20.0,38.0,44.0
6,20,28,11,92,0.6,44.0,25.0,22.0,34.0,4.0,35.0,44.0
6,29,31,14,96,0.6,44.0,14.0,19.0,30.0,2.0,35.0,44.0
7,34,35,14,108,0.8,43.0,8.0,15.0,30.0,93.0,30.0,93.0
8,42,44,19,120,0.8,42.0,98.0,6.0,23.0,83.0,30.0,98.0
7,48,43,29,90,0.7,43.0,90.0,7.0,9.0,5.0,32.0,90.0
7,47,39,20,50,0.8,43.0,91.0,11.0,21.0,25.0,30.0,91.0
8,51,51,28,115,0.7,42.0,86.0,100.0,10.0,88.0,32.0,100.0
10,44,53,31,118,0.8,40.0,95.0,98.0,6.0,85.0,30.0,98.0
8,33,34,19,106,0.7,42.0,9.0,16.0,23.0,95.0,32.0,95.0
8,18,27,13,138,0.6,42.0,28.0,23.0,31.0,68.0,35.0,68.0
8,14,37,18,155,0.5,42.0,32.0,13.0,24.0,54.0,38.0,54.0
6,25,40,18,125,0.6,44.0,19.0,10.0,24.0,79.0,35.0,79.0
6,24,51,30,182,0.7,44.0,20.0,100.0,7.0,130.0,32.0,130.0
6,26,43,23,65,0.8,44.0,18.0,7.0,17.0,18.0,30.0,44.0
5,24,33,13,80,0.7,45.0,20.0,17.0,31.0,10.0,32.0,45.0
5,19,26,11,72,0.6,45.0,26.0,24.0,34.0,14.0,35.0,45.0
5,19,26,10,70,0.6,45.0,26.0,24.0,36.0,15.0,35.0,45.0
7,22,41,22,109,0.6,43.0,22.0,9.0,19.0,92.0,35.0,92.0
8,39,56,29,151,0.6,42.0,1.0,97.0,9.0,58.0,35.0,97.0
9,50,66,36,174,0.7,41.0,88.0,92.0,99.0,137.0,32.0,137.0
10,43,64,34,154,0.6,40.0,96.0,93.0,1.0,55.0,35.0,96.0
9,34,53,25,76,0.6,41.0,8.0,98.0,14.0,12.0,35.0,98.0
8,47,40,19,54,0.6,42.0,91.0,10.0,23.0,23.0,35.0,91.0
10,45,54,25,140,0.6,40.0,94.0,98.0,14.0,67.0,35.0,98.0
11,33,48,22,97,0.6,39.0,9.0,2.0,19.0,2.0,35.0,39.0
8,23,29,11,74,0.6,42.0,21.0,21.0,34.0,13.0,35.0,42.0
8,20,28,11,98,0.6,42.0,25.0,22.0,34.0,1.0,35.0,42.0
7,21,27,10,94,0.6,43.0,24.0,23.0,36.0,3.0,35.0,43.0
6,21,35,16,115,0.6,44.0,24.0,15.0,27.0,88.0,35.0,88.0
8,21,37,18,100,0.6,42.0,24.0,13.0,24.0,100.0,35.0,100.0
8,22,38,15,96,0.6,42.0,22.0,12.0,29.0,2.0,35.0,42.0
10,39,71,26,108,0.6,40.0,1.0,90.0,13.0,93.0,35.0,93.0
11,42,72,25,104,0.5,39.0,98.0,89.0,14.0,97.0,38.0,98.0
16,64,86,34,169,0.7,34.0,70.0,82.0,1.0,142.0,32.0,142.0
11,73,85,41,188,0.8,39.0,59.0,82.0,92.0,125.0,30.0,125.0
10,66,81,45,166,0.8,40.0,68.0,84.0,88.0,145.0,30.0,145.0
9,67,78,43,92,0.9,41.0,66.0,86.0,90.0,4.0,28.0,90.0
5,48,49,43,53,0.9,45.0,90.0,1.0,90.0,24.0,28.0,90.0
6,44,54,39,61,0.9,44.0,95.0,98.0,95.0,20.0,28.0,98.0
10,54,71,49,126,0.9,40.0,82.0,90.0,82.0,78.0,28.0,90.0
10,56,81,51,190,1.0,40.0,80.0,84.0,80.0,123.0,25.0,123.0
7,42,69,47,124,0.9,43.0,98.0,90.0,85.0,80.0,28.0,98.0
6,26,43,23,101,0.8,44.0,18.0,7.0,17.0,99.0,30.0,99.0
10,52,78,45,105,0.9,40.0,85.0,86.0,88.0,96.0,28.0,96.0
11,71,90,51,184,1.0,39.0,61.0,80.0,80.0,128.0,25.0,128.0
10,59,84,46,160,1.0,40.0,76.0,83.0,86.0,150.0,25.0,150.0
12,42,69,37,148,1.0,38.0,98.0,90.0,98.0,60.0,25.0,98.0
12,24,63,32,148,0.8,38.0,20.0,94.0,4.0,60.0,30.0,94.0
12,33,78,30,138,0.8,38.0,9.0,86.0,7.0,68.0,30.0,86.0
12,52,85,39,146,0.9,38.0,85.0,82.0,95.0,62.0,28.0,95.0
14,68,78,35,117,0.8,36.0,65.0,86.0,100.0,86.0,30.0,100.0
13,71,75,34,122,0.8,37.0,61.0,88.0,1.0,82.0,30.0,88.0
12,62,63,28,102,0.8,38.0,72.0,94.0,10.0,98.0,30.0,98.0
11,38,58,25,75,0.7,39.0,2.0,96.0,14.0,12.0,32.0,96.0
10,48,54,31,33,0.8,40.0,90.0,98.0,6.0,34.0,30.0,98.0
9,47,66,43,125,0.9,41.0,91.0,92.0,90.0,79.0,28.0,92.0
5,41,46,19,67,0.6,45.0,99.0,4.0,23.0,16.0,35.0,99.0
5,48,60,26,106,0.7,45.0,90.0,95.0,13.0,95.0,32.0,95.0
6,39,47,22,114,0.8,44.0,1.0,3.0,19.0,88.0,30.0,88.0
5,38,54,31,160,0.8,45.0,2.0,98.0,6.0,150.0,30.0,150.0
4,39,49,26,150,0.7,46.0,1.0,1.0,13.0,58.0,32.0,58.0
5,45,63,28,20,0.9,45.0,94.0,94.0,10.0,40.0,28.0,94.0
6,42,58,28,111,0.8,44.0,98.0,96.0,10.0,91.0,30.0,98.0
7,69,63,30,134,0.8,43.0,64.0,94.0,7.0,72.0,30.0,94.0
8,49,68,37,107,0.7,42.0,89.0,91.0,98.0,94.0,32.0,98.0
6,32,38,15,82,0.7,44.0,10.0,12.0,29.0,9.0,32.0,44.0
6,23,31,14,88,0.6,44.0,21.0,19.0,30.0,6.0,35.0,44.0
6,25,33,14,70,0.7,44.0,19.0,17.0,30.0,15.0,32.0,44.0
6,27,37,17,83,0.7,44.0,16.0,13.0,26.0,8.0,32.0,44.0
7,34,41,21,78,0.6,43.0,8.0,9.0,20.0,11.0,35.0,43.0
7,31,40,21,75,0.5,43.0,11.0,10.0,20.0,12.0,38.0,43.0
6,26,36,20,64,0.4,44.0,18.0,14.0,21.0,18.0,40.0,44.0
7,27,37,20,66,0.5,43.0,16.0,13.0,21.0,17.0,38.0,43.0
8,36,48,29,71,0.6,42.0,5.0,2.0,9.0,14.0,35.0,42.0
10,52,69,46,92,0.7,40.0,85.0,90.0,86.0,4.0,32.0,90.0
13,60,81,51,88,0.8,37.0,75.0,84.0,80.0,6.0,30.0,84.0
11,45,65,42,82,0.7,39.0,94.0,92.0,91.0,9.0,32.0,94.0
10,64,71,45,46,0.7,40.0,70.0,90.0,88.0,27.0,32.0,90.0
13,68,84,49,75,0.8,37.0,65.0,83.0,82.0,12.0,30.0,83.0
14,71,84,48,71,0.9,36.0,61.0,83.0,84.0,14.0,28.0,84.0
13,65,89,55,68,1.0,37.0,69.0,80.0,75.0,16.0,25.0,80.0
11,65,97,65,43,0.9,39.0,69.0,76.0,62.0,28.0,28.0,76.0
6,39,34,22,25,1.0,44.0,1.0,16.0,19.0,38.0,25.0,44.0
3,28,20,7,30,0.7,47.0,15.0,30.0,40.0,35.0,32.0,47.0
3,32,28,14,32,0.6,47.0,10.0,22.0,30.0,34.0,35.0,47.0
4,35,38,21,13,0.6,46.0,6.0,12.0,20.0,44.0,35.0,46.0
5,34,45,22,26,0.7,45.0,8.0,5.0,19.0,37.0,32.0,45.0
6,27,43,26,49,0.6,44.0,16.0,7.0,13.0,26.0,35.0,44.0
8,27,51,37,91,0.6,42.0,16.0,100.0,98.0,4.0,35.0,100.0
8,38,64,50,85,0.7,42.0,2.0,93.0,81.0,8.0,32.0,93.0
8,64,79,52,62,0.8,42.0,70.0,86.0,79.0,19.0,30.0,86.0
9,75,94,53,44,1.0,41.0,56.0,78.0,78.0,28.0,25.0,78.0
6,40,58,35,38,0.7,44.0,100.0,96.0,100.0,31.0,32.0,100.0
8,48,78,49,26,0.9,42.0,90.0,86.0,82.0,37.0,28.0,90.0
8,86,116,75,173,1.2,42.0,147.0,67.0,150.0,138.0,20.0,150.0
8,75,85,62,129,1.1,42.0,56.0,82.0,66.0,76.0,22.0,82.0
9,55,53,26,62,0.9,41.0,81.0,98.0,13.0,19.0,28.0,98.0
11,81,101,55,60,1.3,39.0,150.0,74.0,75.0,20.0,18.0,150.0
12,71,73,35,61,0.9,38.0,61.0,88.0,100.0,20.0,28.0,100.0
15,64,81,42,98,1.0,35.0,70.0,84.0,91.0,1.0,25.0,91.0
12,53,76,47,93,1.0,38.0,84.0,87.0,85.0,4.0,25.0,87.0
9,37,63,47,43,1.1,41.0,4.0,94.0,85.0,28.0,22.0,94.0
7,21,40,31,48,1.0,43.0,24.0,10.0,6.0,26.0,25.0,43.0
8,36,47,18,44,0.9,42.0,5.0,3.0,24.0,28.0,28.0,42.0
10,43,49,21,36,0.9,40.0,96.0,1.0,20.0,32.0,28.0,96.0
9,29,43,26,51,0.8,41.0,14.0,7.0,13.0,24.0,30.0,41.0
11,51,65,38,68,0.8,39.0,86.0,92.0,96.0,16.0,30.0,96.0
11,89,93,58,36,1.2,39.0,146.0,78.0,71.0,32.0,20.0,146.0
13,132,124,93,78,1.5,37.0,124.0,63.0,128.0,11.0,12.0,128.0
12,117,124,97,146,1.4,38.0,132.0,63.0,122.0,62.0,15.0,132.0
10,92,99,75,120,1.3,40.0,144.0,76.0,150.0,83.0,18.0,150.0
11,33,106,53,102,0.9,39.0,9.0,72.0,78.0,98.0,28.0,98.0
11,46,95,44,84,0.9,39.0,92.0,78.0,89.0,8.0,28.0,92.0
13,87,122,76,142,1.2,37.0,146.0,64.0,149.0,65.0,20.0,149.0
13,98,108,59,107,1.2,37.0,141.0,71.0,70.0,94.0,20.0,141.0
13,88,103,84,83,1.3,37.0,146.0,74.0,139.0,8.0,18.0,146.0
8,49,42,28,48,1.1,42.0,89.0,8.0,10.0,26.0,22.0,89.0
8,53,63,43,96,1.3,42.0,84.0,94.0,90.0,2.0,18.0,94.0
9,46,62,43,108,1.2,41.0,92.0,94.0,90.0,93.0,20.0,94.0
8,54,59,35,131,1.1,42.0,82.0,96.0,100.0,74.0,22.0,100.0
5,48,62,45,120,0.8,45.0,90.0,94.0,88.0,83.0,30.0,94.0
5,53,65,44,118,0.9,45.0,84.0,92.0,89.0,85.0,28.0,92.0
5,35,57,42,84,1.0,45.0,6.0,96.0,91.0,8.0,25.0,96.0
5,32,39,22,135,0.7,45.0,10.0,11.0,19.0,71.0,32.0,71.0
6,51,76,41,151,0.7,44.0,86.0,87.0,92.0,58.0,32.0,92.0
6,43,54,27,146,0.6,44.0,96.0,98.0,11.0,62.0,35.0,98.0
5,49,49,24,128,0.7,45.0,89.0,1.0,16.0,77.0,32.0,89.0
5,38,52,27,167,0.7,45.0,2.0,99.0,11.0,144.0,32.0,144.0
4,21,46,26,144,0.7,46.0,24.0,4.0,13.0,63.0,32.0,63.0
5,34,58,30,163,0.7,45.0,8.0,96.0,7.0,147.0,32.0,147.0
5,31,44,23,137,0.6,45.0,11.0,6.0,17.0,69.0,35.0,69.0
7,34,48,30,149,0.8,43.0,8.0,2.0,7.0,59.0,30.0,59.0
6,34,42,28,151,0.7,44.0,8.0,8.0,10.0,58.0,32.0,58.0
6,25,47,30,140,0.7,44.0,19.0,3.0,7.0,67.0,32.0,67.0
4,19,43,28,78,0.7,46.0,26.0,7.0,10.0,11.0,32.0,46.0
4,12,10,6,41,0.8,46.0,35.0,40.0,41.0,30.0,30.0,46.0
4,10,16,8,72,0.7,46.0,38.0,34.0,39.0,14.0,32.0,46.0
8,10,39,28,89,0.6,42.0,38.0,11.0,10.0,6.0,35.0,42.0
8,15,40,29,102,0.6,42.0,31.0,10.0,9.0,98.0,35.0,98.0
8,17,40,32,111,0.6,42.0,29.0,10.0,4.0,91.0,35.0,91.0
6,13,36,28,128,0.6,44.0,34.0,14.0,10.0,77.0,35.0,77.0
5,16,38,25,107,0.6,45.0,30.0,12.0,14.0,94.0,35.0,94.0
4,9,26,18,102,0.7,46.0,39.0,24.0,24.0,98.0,32.0,98.0
5,16,37,18,114,0.5,45.0,30.0,13.0,24.0,88.0,38.0,88.0
5,24,59,37,152,0.7,45.0,20.0,96.0,98.0,57.0,32.0,98.0
9,20,52,36,159,0.7,41.0,25.0,99.0,99.0,51.0,32.0,99.0
7,21,46,33,153,0.7,43.0,24.0,4.0,3.0,56.0,32.0,56.0
7,27,49,36,200,0.8,43.0,16.0,1.0,99.0,114.0,30.0,114.0
7,34,45,33,195,0.8,43.0,8.0,5.0,3.0,118.0,30.0,118.0
5,17,39,21,120,0.6,45.0,29.0,11.0,20.0,83.0,35.0,83.0
5,25,31,17,68,0.6,45.0,19.0,19.0,26.0,16.0,35.0,45.0
4,36,33,21,28,0.9,46.0,5.0,17.0,20.0,36.0,28.0,46.0
4,27,28,14,21,0.9,46.0,16.0,22.0,30.0,40.0,28.0,46.0
6,50,52,29,45,1.1,44.0,88.0,99.0,9.0,28.0,22.0,99.0
5,57,71,43,85,1.2,45.0,79.0,90.0,90.0,8.0,20.0,90.0
5,22,23,10,65,1.0,45.0,22.0,27.0,36.0,18.0,25.0,45.0
6,44,48,23,36,1.0,44.0,95.0,2.0,17.0,32.0,25.0,95.0
4,44,63,42,6,1.3,46.0,95.0,94.0,91.0,47.0,18.0,95.0
4,43,57,40,18,1.1,46.0,96.0,96.0,94.0,41.0,22.0,96.0
4,43,32,21,36,0.9,46.0,96.0,18.0,20.0,32.0,28.0,96.0
4,32,30,15,36,1.2,46.0,10.0,20.0,29.0,32.0,20.0,46.0
4,52,52,28,22,1.1,46.0,85.0,99.0,10.0,39.0,22.0,99.0
5,50,66,42,125,0.9,45.0,88.0,92.0,91.0,79.0,28.0,92.0
5,28,54,31,111,0.8,45.0,15.0,98.0,6.0,91.0,30.0,98.0
5,36,45,23,102,0.7,45.0,5.0,5.0,17.0,98.0,32.0,98.0
6,49,72,48,206,0.9,44.0,89.0,89.0,84.0,108.0,28.0,108.0
5,46,56,40,136,0.9,45.0,92.0,97.0,94.0,70.0,28.0,97.0
5,31,56,39,157,0.9,45.0,11.0,97.0,95.0,52.0,28.0,97.0
5,26,45,28,125,0.7,45.0,18.0,5.0,10.0,79.0,32.0,79.0
5,29,50,29,111,0.7,45.0,14.0,100.0,9.0,91.0,32.0,100.0
4,33,50,27,95,0.7,46.0,9.0,100.0,11.0,2.0,32.0,100.0
4,28,40,25,66,0.6,46.0,15.0,10.0,14.0,17.0,35.0,46.0
4,25,35,16,77,0.6,46.0,19.0,15.0,27.0,12.0,35.0,46.0
3,23,33,17,55,0.9,47.0,21.0,17.0,26.0,22.0,28.0,47.0
3,21,77,29,83,0.8,47.0,24.0,86.0,9.0,8.0,30.0,86.0
7,57,128,41,40,0.9,43.0,79.0,61.0,92.0,30.0,28.0,92.0
4,61,94,49,78,1.0,46.0,74.0,78.0,82.0,11.0,25.0,82.0
7,70,100,56,185,1.1,43.0,62.0,75.0,74.0,127.0,22.0,127.0
5,25,51,20,120,0.6,45.0,19.0,100.0,21.0,83.0,35.0,100.0
4,34,56,23,105,0.8,46.0,8.0,97.0,17.0,96.0,30.0,97.0
6,34,58,28,119,0.9,44.0,8.0,96.0,10.0,84.0,28.0,96.0
3,19,34,12,56,0.7,47.0,26.0,16.0,33.0,22.0,32.0,47.0
2,12,30,10,80,0.7,48.0,35.0,20.0,36.0,10.0,32.0,48.0
1,12,27,9,55,0.6,49.0,35.0,23.0,37.0,22.0,35.0,49.0
2,12,25,7,51,0.6,48.0,35.0,25.0,40.0,24.0,35.0,48.0
4,17,29,12,61,0.7,46.0,29.0,21.0,33.0,20.0,32.0,46.0
7,25,40,18,88,0.8,43.0,19.0,10.0,24.0,6.0,30.0,43.0
4,25,49,21,47,1.0,46.0,19.0,1.0,20.0,26.0,25.0,46.0
4,32,52,28,67,1.1,46.0,10.0,99.0,10.0,16.0,22.0,99.0
6,43,82,49,259,1.2,44.0,96.0,84.0,82.0,156.0,20.0,156.0
4,23,48,27,122,0.9,46.0,21.0,2.0,11.0,82.0,28.0,82.0
3,36,33,15,67,0.9,47.0,5.0,17.0,29.0,16.0,28.0,47.0
4,41,35,18,51,1.1,46.0,99.0,15.0,24.0,24.0,22.0,99.0
5,48,56,28,130,1.0,45.0,90.0,97.0,10.0,75.0,25.0,97.0
5,24,40,16,151,0.7,45.0,20.0,10.0,27.0,58.0,32.0,58.0
4,31,44,17,107,0.8,46.0,11.0,6.0,26.0,94.0,30.0,94.0
6,25,44,20,153,1.0,44.0,19.0,6.0,21.0,56.0,25.0,56.0
4,18,34,465,83,0.7,46.0,28.0,16.0,423.0,8.0,32.0,423.0
3,25,32,15,65,0.4,47.0,19.0,18.0,29.0,18.0,40.0,47.0
3,44,33,17,42,0.7,47.0,95.0,17.0,26.0,29.0,32.0,95.0
3,41,33,16,28,0.8,47.0,99.0,17.0,27.0,36.0,30.0,99.0
3,30,83,37,146,0.6,47.0,12.0,84.0,98.0,62.0,35.0,98.0
4,33,103,39,141,0.5,46.0,9.0,74.0,95.0,66.0,38.0,95.0
6,42,70,32,148,0.6,44.0,98.0,90.0,4.0,60.0,35.0,98.0
7,30,61,23,163,0.5,43.0,12.0,94.0,17.0,147.0,38.0,147.0
8,30,64,29,156,0.6,42.0,12.0,93.0,9.0,53.0,35.0,93.0
8,26,62,33,193,0.7,42.0,18.0,94.0,3.0,120.0,32.0,120.0
5,13,36,15,105,0.5,45.0,34.0,14.0,29.0,96.0,38.0,96.0
4,26,35,17,80,0.6,46.0,18.0,15.0,26.0,10.0,35.0,46.0
4,41,31,14,39,0.6,46.0,99.0,19.0,30.0,30.0,35.0,99.0
4,55,37,22,18,0.6,46.0,81.0,13.0,19.0,41.0,35.0,81.0
4,40,26,19,6,0.9,46.0,100.0,24.0,23.0,47.0,28.0,100.0
5,40,43,17,124,0.8,45.0,100.0,7.0,26.0,80.0,30.0,100.0
10,59,80,49,296,1.0,40.0,76.0,85.0,82.0,294.0,25.0,294.0
6,21,53,34,188,0.9,44.0,24.0,98.0,1.0,125.0,28.0,125.0
5,26,42,29,106,0.8,45.0,18.0,8.0,9.0,95.0,30.0,95.0
3,26,28,14,67,0.5,47.0,18.0,22.0,30.0,16.0,38.0,47.0
3,26,28,11,77,0.5,47.0,18.0,22.0,34.0,12.0,38.0,47.0
4,33,38,22,136,0.7,46.0,9.0,12.0,19.0,70.0,32.0,70.0
3,24,52,23,135,0.6,47.0,20.0,99.0,17.0,71.0,35.0,99.0
5,24,51,27,167,0.7,45.0,20.0,100.0,11.0,144.0,32.0,144.0
4,19,38,16,108,0.5,46.0,26.0,12.0,27.0,93.0,38.0,93.0
4,19,37,16,113,0.5,46.0,26.0,13.0,27.0,89.0,38.0,89.0
3,13,22,6,75,0.5,47.0,34.0,28.0,41.0,12.0,38.0,47.0
3,12,22,7,67,0.4,47.0,35.0,28.0,40.0,16.0,40.0,47.0
2,12,24,7,62,0.4,48.0,35.0,26.0,40.0,19.0,40.0,48.0
3,13,24,10,60,0.4,47.0,34.0,26.0,36.0,20.0,40.0,47.0
5,12,25,11,59,0.4,45.0,35.0,25.0,34.0,20.0,40.0,45.0
5,10,26,10,75,0.4,45.0,38.0,24.0,36.0,12.0,40.0,45.0
4,10,25,7,66,0.4,46.0,38.0,25.0,40.0,17.0,40.0,46.0
4,12,23,6,59,0.4,46.0,35.0,27.0,41.0,20.0,40.0,46.0
4,13,23,6,54,0.4,46.0,34.0,27.0,41.0,23.0,40.0,46.0
3,10,23,8,73,0.4,47.0,38.0,27.0,39.0,14.0,40.0,47.0
3,11,24,8,56,0.4,47.0,36.0,26.0,39.0,22.0,40.0,47.0
3,11,21,5,63,0.4,47.0,36.0,29.0,43.0,18.0,40.0,47.0
2,10,18,4,74,0.4,48.0,38.0,32.0,44.0,13.0,40.0,48.0
2,12,19,4,81,0.4,48.0,35.0,31.0,44.0,10.0,40.0,48.0
4,26,23,7,44,0.5,46.0,18.0,27.0,40.0,28.0,38.0,46.0
7,35,24,10,65,0.6,43.0,6.0,26.0,36.0,18.0,35.0,43.0
6,21,24,7,72,0.5,44.0,24.0,26.0,40.0,14.0,38.0,44.0
8,16,20,5,79,0.4,42.0,30.0,30.0,43.0,10.0,40.0,43.0
6,16,22,4,75,0.4,44.0,30.0,28.0,44.0,12.0,40.0,44.0
6,17,25,5,58,0.4,44.0,29.0,25.0,43.0,21.0,40.0,44.0
5,16,30,9,76,0.5,45.0,30.0,20.0,37.0,12.0,38.0,45.0
5,19,22,9,83,0.5,45.0,26.0,28.0,37.0,8.0,38.0,45.0
3,29,16,5,58,0.5,47.0,14.0,34.0,43.0,21.0,38.0,47.0
3,32,24,8,47,0.5,47.0,10.0,26.0,39.0,26.0,38.0,47.0
3,25,32,11,84,0.6,47.0,19.0,18.0,34.0,8.0,35.0,47.0
3,25,22,8,59,0.6,47.0,19.0,28.0,39.0,20.0,35.0,47.0
7,30,40,18,168,0.6,43.0,12.0,10.0,24.0,143.0,35.0,143.0
12,32,58,34,212,0.7,38.0,10.0,96.0,1.0,103.0,32.0,103.0
8,19,38,24,192,0.6,42.0,26.0,12.0,16.0,121.0,35.0,121.0
8,23,37,17,197,0.5,42.0,21.0,13.0,26.0,116.0,38.0,116.0
8,24,23,6,88,0.4,42.0,20.0,27.0,41.0,6.0,40.0,42.0
8,27,23,7,93,0.4,42.0,16.0,27.0,40.0,4.0,40.0,42.0
8,26,30,8,86,0.4,42.0,18.0,20.0,39.0,7.0,40.0,42.0
7,21,18,4,46,0.4,43.0,24.0,32.0,44.0,27.0,40.0,44.0
6,27,21,4,35,0.4,44.0,16.0,29.0,44.0,32.0,40.0,44.0
5,17,22,5,35,0.4,45.0,29.0,28.0,43.0,32.0,40.0,45.0
5,16,26,8,67,0.4,45.0,30.0,24.0,39.0,16.0,40.0,45.0
5,13,26,9,64,0.4,45.0,34.0,24.0,37.0,18.0,40.0,45.0
4,19,26,8,45,0.4,46.0,26.0,24.0,39.0,28.0,40.0,46.0
5,15,28,10,87,0.4,45.0,31.0,22.0,36.0,6.0,40.0,45.0
5,13,30,12,96,0.4,45.0,34.0,20.0,33.0,2.0,40.0,45.0
7,12,33,13,96,0.4,43.0,35.0,17.0,31.0,2.0,40.0,43.0
6,16,35,15,95,0.4,44.0,30.0,15.0,29.0,2.0,40.0,44.0
4,34,22,12,88,0.4,46.0,8.0,28.0,33.0,6.0,40.0,46.0
4,29,22,12,62,0.4,46.0,14.0,28.0,33.0,19.0,40.0,46.0
5,38,32,16,49,0.5,45.0,2.0,18.0,27.0,26.0,38.0,45.0
5,25,32,16,90,0.5,45.0,19.0,18.0,27.0,5.0,38.0,45.0
4,32,34,14,65,0.4,46.0,10.0,16.0,30.0,18.0,40.0,46.0
4,15,34,14,68,0.4,46.0,31.0,16.0,30.0,16.0,40.0,46.0
5,16,33,13,65,0.4,45.0,30.0,17.0,31.0,18.0,40.0,45.0
6,14,33,13,59,0.5,44.0,32.0,17.0,31.0,20.0,38.0,44.0
5,11,32,12,54,0.5,45.0,36.0,18.0,33.0,23.0,38.0,45.0
5,8,33,12,69,0.5,45.0,40.0,17.0,33.0,16.0,38.0,45.0
6,10,31,10,74,0.5,44.0,38.0,19.0,36.0,13.0,38.0,44.0
6,12,34,13,67,0.5,44.0,35.0,16.0,31.0,16.0,38.0,44.0
6,10,27,10,93,0.4,44.0,38.0,23.0,36.0,4.0,40.0,44.0
6,19,21,4,64,0.4,44.0,26.0,29.0,44.0,18.0,40.0,44.0
6,25,25,4,39,0.4,44.0,19.0,25.0,44.0,30.0,40.0,44.0
5,18,18,3,54,0.4,45.0,28.0,32.0,46.0,23.0,40.0,46.0
5,15,18,3,64,0.4,45.0,31.0,32.0,46.0,18.0,40.0,46.0
7,17,28,12,146,0.4,43.0,29.0,22.0,33.0,62.0,40.0,62.0
6,13,20,5,81,0.4,44.0,34.0,30.0,43.0,10.0,40.0,44.0
6,11,20,3,63,0.3,44.0,36.0,30.0,46.0,18.0,42.0,46.0
6,11,17,5,81,0.4,44.0,36.0,33.0,43.0,10.0,40.0,44.0
